ID_Adrese;ID_VF;No voie;Type de voie;Voie;Code postal;Commune
101;5731;53;RTE;DE REVEL;31400;TOULOUSE
102;5732;10;BD;PIERRE CURIE;31200;TOULOUSE
103;5733;2;RUE;DES LOIS;31000;TOULOUSE
104;5734;230;AV;DE CASTRES;31500;TOULOUSE
105;5735;5;AV;DU COMMANDANT TAILLANDIER;31500;TOULOUSE
106;5737;47;RUE;DU CHANT DU MERLE;31400;TOULOUSE
107;5738;15;AV;DE LA GARONNETTE;31000;TOULOUSE
108;5740;12;RUE;ESCOUSSIERES MONTGAILLARD;31000;TOULOUSE
109;5741;3;RUE;DES BOUQUETINS;31200;TOULOUSE
110;5742;15;BD;MONPLAISIR;31400;TOULOUSE
111;5743;24;RUE;SARAH BERNHARDT;31200;TOULOUSE
112;5745;13;RUE;SAINT HENRI;31000;TOULOUSE
113;5747;3;CHE;DE LIMAYRAC;31500;TOULOUSE
114;5748;8;AV;MAURICE HAURIOU;31000;TOULOUSE
115;5749;9;RUE;PAUL ESTIVAL;31200;TOULOUSE
116;5750;66;RUE;LOUIS VITET;31400;TOULOUSE
117;5751;1;RUE;PONS CAPDENIER;31500;TOULOUSE
118;5752;3;ALL;FORAIN F VERDIER;31000;TOULOUSE
119;5753;8;BD;D'ARCOLE;31000;TOULOUSE
120;5754;36;RUE;BOULBONNE;31000;TOULOUSE
121;5756;100;AV;CRAMPEL;31400;TOULOUSE
122;5757;17;IMP;SIMONE DE BEAUVOIR;31200;TOULOUSE
123;5758;24;RUE;DES ANGES;31200;TOULOUSE
124;5759;8;RUE;DARQUIER;31000;TOULOUSE
125;5760;23;RUE;ROQUELAINE;31000;TOULOUSE
126;5762;48;RUE;MONPLAISIR;31400;TOULOUSE
127;5767;5;RUE;MARTYRS DE LIBERATION;31400;TOULOUSE
128;5768;3;RUE;LEONCE CASTELBOU;31000;TOULOUSE
129;5769;18;RUE;DU DOCTEUR J ARLAUD;31500;TOULOUSE
130;5770;135;AV;DE LESPINET;31400;TOULOUSE
131;5771;30;RUE;ASSALIT;31500;TOULOUSE
132;5772;70;RUE;ST ROCH;31400;TOULOUSE
133;5773;64;BD;DES MINIMES;31200;TOULOUSE
134;5774;18;AV;DE LA COLONNE;31500;TOULOUSE
135;5775;11;RUE;CLEMENCE ISAURE;31000;TOULOUSE
136;5776;16;PL;SAINT GEORGES;31000;TOULOUSE
137;5777;77;CHE;DE LA SALADE PONSAN;31400;TOULOUSE
138;5778;72;BD;DE STRASBOURG;31000;TOULOUSE
139;5779;64;RUE;ERNEST RENAN;31200;TOULOUSE
140;5780;57;AV;DES MINIMES;31200;TOULOUSE
141;5781;216;RTE;DE NARBONNE;31400;TOULOUSE
142;5782;6;RUE;PERCHEPINTE;31000;TOULOUSE
143;5783;37;ALL;DE BRIENNE;31000;TOULOUSE
144;5784;17;RUE;EDMOND ROSTAND;31200;TOULOUSE
145;5785;7;RUE;CLAUZEL;31500;TOULOUSE
146;5786;11;BD;LAZARE CARNOT;31000;TOULOUSE
147;5787;46;BD;DE SUISSE;31200;TOULOUSE
148;5788;26;AV;JEAN CHAUBET;31500;TOULOUSE
149;5789;9;RUE;BOULBONNE;31000;TOULOUSE
150;5790;26;RUE;CERVANTES;31200;TOULOUSE
151;5791;10;RUE;PAUL VERLAINE;31200;TOULOUSE
152;5792;22;CHE;CORDEAU;31200;TOULOUSE
153;5793;8;RUE;DU GENERAL GIRAUD;31200;TOULOUSE
154;5794;2;SQ;LUCIEN BERET;31200;TOULOUSE
155;5796;61;CHE;DE LAFILAIRE;31500;TOULOUSE
156;5797;41;RUE;PAUL VALERY;31200;TOULOUSE
157;5798;12;RUE;ESCOUSSIERES MONTGAILLARD;31000;TOULOUSE
158;5799;292;AV;DE FRONTON;31200;TOULOUSE
159;5800;75;BD;MATABIAU;31000;TOULOUSE
160;5801;4;BD;DES PLATANES;31400;TOULOUSE
161;5803;12;CHE;DU SEMINAIRE;31200;TOULOUSE
162;5804;238;AV;JEAN RIEUX;31500;TOULOUSE
163;5805;49;IMP;DE LA BARAQUETTE;31400;TOULOUSE
164;5806;9;RUE;CLAUDE GONIN;31400;TOULOUSE
165;5807;31;RUE;DENFERT ROCHEREAU;31000;TOULOUSE
166;5808;4;RUE;ANNA POLITKOVSKAIA;31200;TOULOUSE
167;5809;12;IMP;DU BARON;31200;TOULOUSE
168;5810;292;AV;DE FRONTON;31200;TOULOUSE
169;5811;8;RUE;PIERRE SALIES;31000;TOULOUSE
170;5812;1;RUE;JEAN GOUJON;31500;TOULOUSE
171;5813;4;RUE;ANNA POLITKOVSKAIA;31200;TOULOUSE
172;5814;1;RUE;SAINTE CATHERINE;31400;TOULOUSE
173;5815;2;IMP;PIERRE MAURAND;31500;TOULOUSE
174;5816;34;RUE;ESTIEU;31500;TOULOUSE
175;5818;14;RUE;DE NAPLES;31500;TOULOUSE
176;5820;36;IMP;ST FELIX;31400;TOULOUSE
177;5821;37;AV;HONORE SERRES;31000;TOULOUSE
178;5822;292;AV;DE FRONTON;31200;TOULOUSE
179;5823;3;RUE;THOMAS EDISON;31400;TOULOUSE
180;5824;3;RUE;LAFAILLE;31000;TOULOUSE
181;5826;12;BD;DE STRASBOURG;31000;TOULOUSE
182;5827;12;RUE;BROUARDEL;31000;TOULOUSE
183;5828;50;RUE;DES ROSEAUX;31400;TOULOUSE
184;5829;2;IMP;DES HORTENSIAS;31200;TOULOUSE
185;5831;45;RUE;DES TOURNEURS;31000;TOULOUSE
186;5832;7;RUE;GUGLIELMO MARCONI;31400;TOULOUSE
187;5833;4;RUE;ANTOINE DE GARGAS;31500;TOULOUSE
188;5834;9;RUE;DES ROSES;31500;TOULOUSE
189;5835;6;RUE;AUFRERY;31500;TOULOUSE
190;5836;54;RUE;BAYARD;31000;TOULOUSE
191;5837;21;RUE;BERNARD MULE;31400;TOULOUSE
192;5838;47;BD;RIQUET;31000;TOULOUSE
193;5840;155;CHE;DE LANUSSE;31200;TOULOUSE
194;5842;4;RUE;DES GALLOIS;31400;TOULOUSE
195;5843;14;RUE;ANDRE CLAROUS;31200;TOULOUSE
196;5845;269;AV;DE FRONTON;31200;TOULOUSE
197;5847;43;RUE;DE L INDUSTRIE;31000;TOULOUSE
198;5848;18;RUE;LEFRANC DE POMPIGNAN;31400;TOULOUSE
199;5849;7;RUE;RASPAIL;31400;TOULOUSE
200;5850;11;RUE;RIQUET;31000;TOULOUSE
201;5851;28;CHE;DU COIN DE LA MOURE;31500;TOULOUSE
202;5852;20;RUE;SAINTE ANNE;31000;TOULOUSE
203;5853;160;RUE;DU FAUBOURG BONNEFOY;31500;TOULOUSE
204;5854;5;RUE;DE L'ARGONNE;31500;TOULOUSE
205;5856;5;AV;DE LA MARCAISSONNE;31400;TOULOUSE
206;5857;13;RUE;DU PRINTEMPS;31000;TOULOUSE
207;5858;30;RUE;DES SALENQUES;31000;TOULOUSE
208;5859;34;RUE;DU PRINTEMPS;31000;TOULOUSE
209;5861;112;AV;JEAN RIEUX;31500;TOULOUSE
210;5862;22;RUE;CUJAS;31000;TOULOUSE
211;5863;46;RUE;DEVIC;31400;TOULOUSE
212;5864;1;PL;SAINTES SCARBES;31000;TOULOUSE
213;5866;7;PL;COMMERCIALE JOLIMONT;31500;TOULOUSE
214;5867;5;RUE;DES POTIERS;31000;TOULOUSE
215;5868;145;RUE;EDMOND ROSTAND;31200;TOULOUSE
216;5869;75;RUE;ERNEST RENAN;31200;TOULOUSE
217;5872;44;RUE;SAINT JOSEPH;31400;TOULOUSE
218;5873;12;RUE;D'ARCACHON;31200;TOULOUSE
219;5874;36;AV;LEON BLUM;31500;TOULOUSE
220;5875;13;RUE;EUGENE LOZES;31500;TOULOUSE
221;5876;79;RUE;DU FERETRA;31400;TOULOUSE
222;5877;110;RUE;DU GENERAL BOURBAKI;31200;TOULOUSE
223;5878;96;CHE;DES FONTANELLES;31500;TOULOUSE
224;5880;18;RUE;ALEXANDRE FOURTANIER;31000;TOULOUSE
225;5881;40;PL;DES CARMES;31000;TOULOUSE
226;5882;39;RUE;DE LA CONCORDE;31000;TOULOUSE
227;5883;15;BD;LASCROSSES;31000;TOULOUSE
228;5885;68;RUE;ERNEST RENAN;31200;TOULOUSE
229;5886;96;RUE;DE CHAUSSAS;31200;TOULOUSE
230;5887;47;CHE;DE PELLEPORT;31500;TOULOUSE
231;5888;7;RUE;RAYMOND BOULOGNE;31500;TOULOUSE
232;5889;18;RUE;DES MOULINS;31000;TOULOUSE
233;5890;11;RUE;DE L INDUSTRIE;31000;TOULOUSE
234;5891;55;BD;DES MINIMES;31200;TOULOUSE
235;5892;20;RUE;DES QUETEURS;31000;TOULOUSE
236;5893;96;RUE;DU GENERAL BOURBAKI;31200;TOULOUSE
237;5896;12;RUE;AUGUSTE GRANIER;31000;TOULOUSE
238;5897;5;RUE;DU PETIT CASTELET;31200;TOULOUSE
239;5898;89;AV;DE FRONTON;31200;TOULOUSE
240;5899;214;AV;RAYMOND NAVES;31500;TOULOUSE
241;5900;75;CHE;DE MALEPERE;31400;TOULOUSE
242;5902;40;RUE;DU PRINTEMPS;31000;TOULOUSE
243;5903;9;RUE;DES QUATRE BILLARDS;31000;TOULOUSE
244;5904;2;RUE;DU MAY;31000;TOULOUSE
245;5905;32;RUE;DU JAPON;31400;TOULOUSE
246;5906;7;IMP;ANDRE MARFAING;31400;TOULOUSE
247;5908;49;CHE;DE LA GARONNE;31200;TOULOUSE
248;5909;5;RUE;MICHEL DE MONTAIGNE;31200;TOULOUSE
249;5910;35;BD;LAZARE CARNOT;31000;TOULOUSE
250;5912;22;RUE;MAGE;31000;TOULOUSE
251;5914;176;AV;DE LA GLOIRE;31500;TOULOUSE
252;5916;7;CHE;DU PRAT LONG;31200;TOULOUSE
253;5918;35;RUE;GABRIEL PERI;31000;TOULOUSE
254;5920;5;IMP;JEAN DELFOUR;31400;TOULOUSE
255;5922;11;RUE;DES RENFORTS;31000;TOULOUSE
256;5923;10;RUE;DE CHATEAUDUN;31000;TOULOUSE
257;5926;48;RUE;DU TAUR;31000;TOULOUSE
258;5927;113;CHE;LINIERES;31200;TOULOUSE
259;5928;1;AV;DE L'ANCIEN VELODROME;31000;TOULOUSE
260;5930;26;AV;LEON BLUM;31500;TOULOUSE
261;5931;8;RUE;CECILE BRUNSCHVICG;31200;TOULOUSE
262;5932;31;AV;EMILE DEWOITINE;31200;TOULOUSE
263;5933;26;RUE;DES CONSULS;31300;TOULOUSE
264;5934;37;AV;ETIENNE BILLIERES;31300;TOULOUSE
265;5937;6;RTE;DE SAINT SIMON;31100;TOULOUSE
266;5940;75;RUE;DES ARCS ST CYPRIEN;31300;TOULOUSE
267;5941;4;IMP;DE LISIEUX;31300;TOULOUSE
268;5942;31;CHE;VOUET;31100;TOULOUSE
269;5943;13;ALL;D'ANCELY;31300;TOULOUSE
270;5945;7;ALL;GABRIELLE DE COIGNARD;31100;TOULOUSE
271;5947;16;PL;ROGUET;31300;TOULOUSE
272;5951;1;RUE;JAUFRE RUDEL;31300;TOULOUSE
273;5952;5;IMP;OCTAVE SAGE;31100;TOULOUSE
274;5959;8;RUE;CIMETIERE ST CYPRIEN;31300;TOULOUSE
275;5962;5;RUE;ELLA MAILLART;31300;TOULOUSE
276;5963;1;ALL;DES CAUSSES;31300;TOULOUSE
277;5964;10;RUE;BERTHY ALBRECHT;31300;TOULOUSE
278;5965;1;RUE;VESTREPAIN;31100;TOULOUSE
279;5966;6;RUE;DE BRUXELLES;31100;TOULOUSE
280;5967;40;ALL;D'ANCELY;31300;TOULOUSE
281;5968;34;RUE;DU MEDECIN COL CALBAIRAC;31100;TOULOUSE
282;5970;1;IMP;TONY PONCET;31300;TOULOUSE
283;5971;4;RUE;ERNEST DUFER;31300;TOULOUSE
284;5973;10;CHEM;ANDRE MESSAGER;31100;TOULOUSE
285;5974;390;RTE;DE SAINT SIMON;31100;TOULOUSE
286;5975;1;RUE;MIREILLE SORGUE;31100;TOULOUSE
287;5976;31;RUE;DE GIRONIS;31100;TOULOUSE
288;5979;174;AV;DE CASSELARDIT;31300;TOULOUSE
289;7271;427;RUE;ANDRE LE NOTRE;34080;MONTPELLIER
290;7272;3;RUE;CHRESTIEN;34000;MONTPELLIER
291;7273;1235;RUE;DE BUGAREL;34070;MONTPELLIER
292;7274;18;RUE;FREDERIC BAZILLE;34000;MONTPELLIER
293;7275;598;RUE;DE FONTCARRADE;34070;MONTPELLIER
294;7276;25;RUE;ERNEST MICHEL;34000;MONTPELLIER
295;7277;109;RUE;FRANCIS LOPEZ;34090;MONTPELLIER
296;7278;8;RUE;BOUSSAIROLLES;34000;MONTPELLIER
297;7279;5;RUE;DE LORRAINE;34070;MONTPELLIER
298;7282;949;AV;DU PROFESSEUR LOUIS RAVAS;34080;MONTPELLIER
299;7284;23;RUE;JULES GUESDE;34080;MONTPELLIER
300;7286;727;RUE;JACQUES BOUNIN;34070;MONTPELLIER
301;7289;233;AV;THEROIGNE DE MERICOURT;34000;MONTPELLIER
302;7290;11;RUE;DES ECOLES LAIQUES;34000;MONTPELLIER
303;7291;14;AV;EMILE DIACON;34090;MONTPELLIER
304;7292;21;AV;ROGER COUDERC;34070;MONTPELLIER
305;7293;13;RUE;AZEMA;34070;MONTPELLIER
306;7295;2;RUE;ERNEST MICHEL;34000;MONTPELLIER
307;7298;7;SQ;MURILLO;34070;MONTPELLIER
308;7300;491;AV;DE VANIERES;34070;MONTPELLIER
309;7302;23;RUE;DE CHIO;34000;MONTPELLIER
310;7303;35;RUE;SAINT CLEOPHAS;34070;MONTPELLIER
311;7307;1278;RTE;DE GANGES;34090;MONTPELLIER
312;7308;239;RUE;BRUMAIRE;34000;MONTPELLIER
313;7309;188;RUE;DE SICILE;34080;MONTPELLIER
314;7310;4;RUE;RIGAUD;34000;MONTPELLIER
315;7311;4;RUE;EDOUARD VII;34070;MONTPELLIER
316;7314;775;RUE;PAUL RIMBAUD;34080;MONTPELLIER
317;7316;300;RUE;BUFFON;34070;MONTPELLIER
318;7318;79;RUE;RAY CHARLES;34000;MONTPELLIER
319;7320;37;CRS;GAMBETTA;34000;MONTPELLIER
320;7322;9;RUE;DE LORRAINE;34070;MONTPELLIER
321;7325;100;PL;SEAN MAC BRIDE;34080;MONTPELLIER
322;7326;813;RUE;DE FONTCARRADE;34070;MONTPELLIER
323;7327;7;RUE;DES AMARYLLIS;34070;MONTPELLIER
324;7328;57;RUE;CHRISTIAN BENEZECH;34070;MONTPELLIER
325;7329;5;BD;VICTOR HUGO;34000;MONTPELLIER
326;7331;636;AV;DU PROF EMILE JEANBRAU;34090;MONTPELLIER
327;7332;13;RUE;FOCH;34000;MONTPELLIER
328;7334;728;RUE;DE FONTCARRADE;34070;MONTPELLIER
329;7335;82;ALL;JULES MILHAU;34000;MONTPELLIER
330;7336;151;AV;DU PONT TRINQUAT;34070;MONTPELLIER
331;7337;2;RUE;BEAU SEJOUR;34000;MONTPELLIER
332;7339;7;RUE;D ALSACE;34070;MONTPELLIER
333;7341;20;RUE;LOUIS BRAILLE;34070;MONTPELLIER
334;7345;1265;RUE;DE BUGAREL;34070;MONTPELLIER
335;7346;1;RUE;ROSSINI;34070;MONTPELLIER
336;7347;77;RUE;DU FAUBOURG FIGUEROLLES;34070;MONTPELLIER
337;7348;45;RUE;ESCULAPE;34090;MONTPELLIER
338;7351;1;RUE;DU PUITS DES ESQUILLES;34000;MONTPELLIER
339;7352;56;RUE;DE GALATA;34000;MONTPELLIER
340;7353;66;RTE;DE LODEVE;34080;MONTPELLIER
341;7355;220;RUE;LE TINTORET;34000;MONTPELLIER
342;7357;101;RUE;DE LA PENICHE;34070;MONTPELLIER
343;7358;130;RUE;CLAUDE PERCIER;34080;MONTPELLIER
344;7359;9;RUE;DURAND;34000;MONTPELLIER
345;7360;11;RUE;DES BLEUETS;34070;MONTPELLIER
346;7364;1659;AV;DU PERE SOULAS;34090;MONTPELLIER
347;7366;3;RUE;SAINTE ANNE;34000;MONTPELLIER
348;7367;365;RUE;DU 56E REGT D ARTILLERIE;34070;MONTPELLIER
349;2572;17;BD;DES DAMES;13002;MARSEILLE 2EME
350;2573;51;RUE;DE FORBIN;13002;MARSEILLE 2EME
351;2574;9;RUE;BOSCARY;13004;MARSEILLE 4EME
352;2575;46;RUE;CHEVALIER PAUL;13002;MARSEILLE 2EME
353;2576;55;RUE;FRANCIS DAVSO;13001;MARSEILLE 1ER
354;2577;2;RUE;JEAN DE BERNARDY;13001;MARSEILLE 1ER
355;2578;64;AV;DE MONTOLIVET;13004;MARSEILLE 4EME
356;2579;4;RUE;FORTIA;13001;MARSEILLE 1ER
357;2580;43;RUE;LE PELLETIER;13016;MARSEILLE 16EME
358;2581;33;RUE;DU PETIT PUITS;13002;MARSEILLE 2EME
359;2582;2;IMP;DU CHALET;13015;MARSEILLE 15EME
360;2583;8;PL;JEAN JAURES;13001;MARSEILLE 1ER
361;2584;48;RUE;BERNARD DU BOIS;13001;MARSEILLE 1ER
362;2585;133;AV;DES CHARTREUX;13004;MARSEILLE 4EME
363;2586;44;RUE;CURIOL;13001;MARSEILLE 1ER
364;2587;64;BD;CAMILLE FLAMMARION;13001;MARSEILLE 1ER
365;2588;6;RUE;GUINTRAND;13002;MARSEILLE 2EME
366;2589;14;PL;AUX HUILES;13001;MARSEILLE 1ER
367;2590;5001;RES;MARITIME;13015;MARSEILLE 15EME
368;2591;13;TSSE;DU MOULIN A VENT;13015;MARSEILLE 15EME
369;2592;29;RUE;MARECHAL FAYOLLE;13004;MARSEILLE 4EME
370;2593;13;RUE;BERANGER;13004;MARSEILLE 4EME
371;2594;381;CHE;MADRAGUE VILLE;13015;MARSEILLE 15EME
372;2595;57;RUE;ADOLPHE THIERS;13001;MARSEILLE 1ER
373;2596;12;RUE;RANQUE;13001;MARSEILLE 1ER
374;2597;158;AV;DES CHARTREUX;13004;MARSEILLE 4EME
375;2598;89;BD;LOUIS BOTINELLY;13004;MARSEILLE 4EME
376;2599;2;RUE;CHARLES DE FOUCAULD;13004;MARSEILLE 4EME
377;2600;48;RUE;CLOVIS HUGUES;13003;MARSEILLE 3EME
378;2601;5001;IMP;DES AGACES;13014;MARSEILLE 14EME
379;2602;17;;RSE NORD;13015;MARSEILLE 15EME
380;2603;5;RUE;THUBANEAU;13001;MARSEILLE 1ER
381;2604;48;AV;DE ST LOUIS;13015;MARSEILLE 15EME
382;2605;80;BD;FRANCOISE DUPARC;13004;MARSEILLE 4EME
383;2606;26;BD;HENRI BOULLE;13004;MARSEILLE 4EME
384;2607;77;RUE;PAUTRIER;13004;MARSEILLE 4EME
385;2608;1;RUE;SAINT MATHIEU;13002;MARSEILLE 2EME
386;2609;47;RUE;DE LA LOGE;13002;MARSEILLE 2EME
387;2610;34;RUE;JEANNE JUGAN;13004;MARSEILLE 4EME
388;2611;48;RUE;D AUBAGNE;13001;MARSEILLE 1ER
389;2612;33;AV;MAL FOCH;13004;MARSEILLE 4EME
390;2613;9;RUE;GUY FABRE;13001;MARSEILLE 1ER
391;2614;27;BD;DE LA LIBERATION;13001;MARSEILLE 1ER
392;2615;12;RUE;DE PROVENCE;13004;MARSEILLE 4EME
393;2616;33;RUE;CAVAIGNAC;13003;MARSEILLE 3EME
394;2617;2;RUE;DE LA BIBLIOTHEQUE;13001;MARSEILLE 1ER
395;2618;12;RUE;CAMOIN JEUNE;13004;MARSEILLE 4EME
396;2619;4;IMP;FLECHER;13015;MARSEILLE 15EME
397;2620;5001;;LES ROSIERS;13014;MARSEILLE 14EME
398;2621;103;TSSE;NTRE DAME BON SECOURS;13014;MARSEILLE 14EME
399;2622;23;BD;GAY LUSSAC;13014;MARSEILLE 14EME
400;2623;18;RUE;BENEDIT;13004;MARSEILLE 4EME
401;2624;25;RUE;LEO LAGRANGE;13014;MARSEILLE 14EME
402;2625;17;;RSE NORD;13015;MARSEILLE 15EME
403;2626;95;RUE;D AUBAGNE;13001;MARSEILLE 1ER
404;2627;23;BD;J. SAADE Q. DE LA JOLIETTE;13002;MARSEILLE 2EME
405;2628;2;BD;DE LA LIBERATION;13001;MARSEILLE 1ER
406;2629;7;CRS;JEAN BALLARD;13001;MARSEILLE 1ER
407;2630;24;RUE;DU JET D EAU;13003;MARSEILLE 3EME
408;2631;30;RUE;MATHIEU STILLATI;13003;MARSEILLE 3EME
409;2632;14;RUE;DES DOMINICAINES;13001;MARSEILLE 1ER
410;2633;8;BD;SAINT BRUNO;13004;MARSEILLE 4EME
411;2634;14;VC;SQ  NATIONAL;13003;MARSEILLE 3EME
412;2635;10;RUE;DESAIX;13003;MARSEILLE 3EME
413;2636;17;RUE;DE LA LOGE;13002;MARSEILLE 2EME
414;2637;13;RUE;PLUMIER;13002;MARSEILLE 2EME
415;2638;30;RUE;SENAC;13001;MARSEILLE 1ER
416;2639;17;BD;JEAN DUPLESSIS;13014;MARSEILLE 14EME
417;2640;25;RUE;ORAN;13004;MARSEILLE 4EME
418;2641;52;AV;DES CHUTES LAVIE;13004;MARSEILLE 4EME
419;2642;31;RUE;D AUBAGNE;13001;MARSEILLE 1ER
420;2643;109;MTE;DU PICHOU;13016;MARSEILLE 16EME
421;2644;116;BD;BLANCARDE;13004;MARSEILLE 4EME
422;2645;11;RUE;HENRI AUZIAS;13003;MARSEILLE 3EME
423;2646;21;RUE;DE VARSOVIE;13016;MARSEILLE 16EME
424;2647;48;AV;DE ST LOUIS;13015;MARSEILLE 15EME
425;2648;2;AV;DES CHUTES LAVIE;13004;MARSEILLE 4EME
426;2649;3;RUE;COLBERT;13001;MARSEILLE 1ER
427;2650;2;RUE;ARCHIMEDE;13004;MARSEILLE 4EME
428;2651;90;VC;LA CANEBIERE;13001;MARSEILLE 1ER
429;2652;24;RUE;THUBANEAU;13001;MARSEILLE 1ER
430;2653;67;RUE;CURIOL;13001;MARSEILLE 1ER
431;2654;135;CHE;ST JOSEPH A STE MARTHE;13014;MARSEILLE 14EME
432;2655;37;BD;SAINT JEAN DE DIEU;13014;MARSEILLE 14EME
433;2656;8;RUE;BERNARD;13003;MARSEILLE 3EME
434;2657;78;RUE;BELLE DE MAI;13003;MARSEILLE 3EME
435;2658;229;BD;DE LA LIBERATION;13004;MARSEILLE 4EME
436;2659;32;VC;LA CANEBIERE;13001;MARSEILLE 1ER
437;2660;23;TRA;PICASSO;13016;MARSEILLE 16EME
438;2661;2;RUE;FRANCOIS MASSABO;13002;MARSEILLE 2EME
439;2662;46;AV;MAL FOCH;13004;MARSEILLE 4EME
440;2663;34;BD;PARDIGON;13004;MARSEILLE 4EME
441;2664;358;CHE;DU LITTORAL;13015;MARSEILLE 15EME
442;2665;20;RUE;GAVAUDAN;13004;MARSEILLE 4EME
443;2666;26;BD;GEORGES CLEMENCEAU;13004;MARSEILLE 4EME
444;2667;37;TRA;DE LA MICHELE;13015;MARSEILLE 15EME
445;2668;4;RUE;ALEXIS CARREL;13004;MARSEILLE 4EME
446;2669;48;AV;SAINT JEAN;13002;MARSEILLE 2EME
447;2670;28;VC;SQ  NATIONAL;13003;MARSEILLE 3EME
448;2671;5002;TSSE;DU CHATEAU VENTO;13014;MARSEILLE 14EME
449;2672;57;RUE;FLEGIER;13001;MARSEILLE 1ER
450;2673;90;BD;CHARLES MORETTI;13014;MARSEILLE 14EME
451;2674;16;RUE;DANTON;13003;MARSEILLE 3EME
452;2675;19;IMP;DE ROUX;13004;MARSEILLE 4EME
453;2676;18;RUE;MARX DORMOY;13004;MARSEILLE 4EME
454;2677;200;BD;NATIONAL;13003;MARSEILLE 3EME
455;2678;55;CHE;DE LA PELOUQUE;13016;MARSEILLE 16EME
456;2679;5;RUE;SAINT SAENS;13001;MARSEILLE 1ER
457;2680;35;CHE;ST JOSEPH A STE MARTHE;13014;MARSEILLE 14EME
458;2681;14;BD;PARDIGON;13004;MARSEILLE 4EME
459;2682;19;RUE;DU PETIT PUITS;13002;MARSEILLE 2EME
460;2683;188;AV;ROGER SALENGRO;13015;MARSEILLE 15EME
461;2684;3;RUE;ROUVIERE;13001;MARSEILLE 1ER
462;2685;49;BD;GLACIERE;13014;MARSEILLE 14EME
463;2686;21;RUE;ORAN;13004;MARSEILLE 4EME
464;2687;10;RUE;PIERRE BELLOT;13001;MARSEILLE 1ER
465;2688;2;BD;BONNES GRACES;13003;MARSEILLE 3EME
466;2689;40;RUE;PIERRE ALBRAND;13002;MARSEILLE 2EME
467;2690;18;BD;DE ROUX;13004;MARSEILLE 4EME
468;2691;6;CHE;DE BIZET;13016;MARSEILLE 16EME
469;2692;44;RUE;DES RECOLETTES;13001;MARSEILLE 1ER
470;2693;20;RUE;LOUIS GROBET;13001;MARSEILLE 1ER
471;2694;135;BD;LONGCHAMP;13001;MARSEILLE 1ER
472;2695;19;BD;ALBIN BANDINI;13016;MARSEILLE 16EME
473;2696;44;RUE;DU COQ;13001;MARSEILLE 1ER
474;2697;13;RUE;GLANDEVES;13001;MARSEILLE 1ER
475;2698;46;BD;KRAEMER;13014;MARSEILLE 14EME
476;2699;55;RUE;DE FORBIN;13002;MARSEILLE 2EME
477;2700;110;BD;DE PARIS;13003;MARSEILLE 3EME
478;2701;4;RUE;POIDS DE LA FARINE;13001;MARSEILLE 1ER
479;2702;20;RUE;GUIBAL;13001;MARSEILLE 1ER
480;2703;24;RUE;MAZENOD;13002;MARSEILLE 2EME
481;2704;13;RUE;FORTUNE JOURDAN;13003;MARSEILLE 3EME
482;2705;34;RUE;HENRI JURAMY;13004;MARSEILLE 4EME
483;2706;41;RUE;D ISOARD;13001;MARSEILLE 1ER
484;2707;5;RUE;CURIOL;13001;MARSEILLE 1ER
485;2708;12;RUE;ELZEARD ROUGIER;13004;MARSEILLE 4EME
486;2709;30;RUE;SERAPHIN;13015;MARSEILLE 15EME
487;2710;7;VC;SQ  NATIONAL;13003;MARSEILLE 3EME
488;2711;4;RUE;CHANTERAC;13003;MARSEILLE 3EME
489;2712;12;RUE;DES GARDIANS;13014;MARSEILLE 14EME
490;2713;31;BD;DE LUNEL;13015;MARSEILLE 15EME
491;2714;36;RUE;FRANCOIS BARBINI;13003;MARSEILLE 3EME
492;2715;70;AV;CLAUDE MONET;13014;MARSEILLE 14EME
493;2716;80;BD;FRANCOISE DUPARC;13004;MARSEILLE 4EME
494;2717;122;TSSE;NTRE DAME BON SECOURS;13014;MARSEILLE 14EME
495;2718;100;CHE;ST ANTOINE A ST JOSEPH;13015;MARSEILLE 15EME
496;2719;15;BD;DES DAMES;13002;MARSEILLE 2EME
497;2720;22;RUE;DE LA PALUD;13001;MARSEILLE 1ER
498;2721;12;RUE;TOUSSAINT;13003;MARSEILLE 3EME
499;2722;10;RUE;BERNARD DU BOIS;13001;MARSEILLE 1ER
500;2723;70;RUE;CURIOL;13001;MARSEILLE 1ER
501;2724;273;BD;CHAVE;13004;MARSEILLE 4EME
502;2725;19;BD;DE ROUX;13004;MARSEILLE 4EME
503;2726;5;RUE;PLUMIER;13002;MARSEILLE 2EME
504;2727;3;AV;MARIGNY;13014;MARSEILLE 14EME
505;2728;22;RUE;PORTE BAUSSENQUE;13002;MARSEILLE 2EME
506;2729;11;TSSE;MARITIME;13015;MARSEILLE 15EME
507;2730;47;RUE;DE LA LOGE;13002;MARSEILLE 2EME
508;2731;24;BD;FRANCOISE DUPARC;13004;MARSEILLE 4EME
509;2732;8;RUE;COLLIN;13003;MARSEILLE 3EME
510;2733;1;BD;ROGER CHIEUSSE;13016;MARSEILLE 16EME
511;2734;11;RUE;DE VERSAILLES;13003;MARSEILLE 3EME
512;2735;50;RUE;PARADIS;13001;MARSEILLE 1ER
513;2736;11;RUE;HENRI AUZIAS;13003;MARSEILLE 3EME
514;2737;105;RUE;JEAN DE BERNARDY;13001;MARSEILLE 1ER
515;2738;6;RUE;COMMANDANT MAGES;13001;MARSEILLE 1ER
516;2739;15;RUE;DE LA JOLIETTE;13002;MARSEILLE 2EME
517;2740;56;VC;LA CANEBIERE;13001;MARSEILLE 1ER
518;2741;40;BD;LECCIA;13003;MARSEILLE 3EME
519;2742;22;RUE;BERNARD;13003;MARSEILLE 3EME
520;2743;54;CHE;DU BASSIN;13014;MARSEILLE 14EME
521;2744;1;RUE;FRANCOIS MASSABO;13002;MARSEILLE 2EME
522;2745;30;BD;DE LA LIBERTE;13001;MARSEILLE 1ER
523;2746;22;BD;GOUZIAN;13003;MARSEILLE 3EME
524;2747;5002;TSSE;DU CHATEAU VENTO;13014;MARSEILLE 14EME
525;2748;70;AV;CLAUDE MONET;13014;MARSEILLE 14EME
526;2749;24;RUE;DES ABEILLES;13001;MARSEILLE 1ER
527;2750;10;RUE;ELZEARD ROUGIER;13004;MARSEILLE 4EME
528;2751;45;AV;CAMILLE PELLETAN;13002;MARSEILLE 2EME
529;2752;78;RUE;CHEVALIER PAUL;13002;MARSEILLE 2EME
530;2753;9;RUE;JEAN MARC CATHALA;13002;MARSEILLE 2EME
531;2754;1;RUE;PLUMIER;13002;MARSEILLE 2EME
532;2755;77;BD;DE PLOMBIERES;13003;MARSEILLE 3EME
533;2756;17;RUE;PLUMIER;13002;MARSEILLE 2EME
534;2757;68;BD;ROUGIER;13004;MARSEILLE 4EME
535;2758;15;RUE;SAINT BRUNO;13004;MARSEILLE 4EME
536;2759;150;RUE;RABELAIS;13016;MARSEILLE 16EME
537;2760;20;BD;BERNABO;13015;MARSEILLE 15EME
538;2761;6;CHE;DE BIZET;13016;MARSEILLE 16EME
539;2762;19;AV;DE ST ANTOINE;13015;MARSEILLE 15EME
540;2763;28;BD;PAUL ARENE;13014;MARSEILLE 14EME
541;2764;17;BD;DU CDT FINAT DUCLOS;13014;MARSEILLE 14EME
542;2765;24;ALL;LEON GAMBETTA;13001;MARSEILLE 1ER
543;2766;14;BD;GARIBALDI;13001;MARSEILLE 1ER
544;2767;11;RUE;CONSOLAT;13001;MARSEILLE 1ER
545;2768;5001;CITE;BEAUSOLEIL B ROUX PR;13004;MARSEILLE 4EME
546;2769;358;CHE;DU LITTORAL;13015;MARSEILLE 15EME
547;2770;3;TRA;FAVANT;13016;MARSEILLE 16EME
548;2771;1;BD;ROGER CHIEUSSE;13016;MARSEILLE 16EME
549;2772;23;RUE;NATIONALE;13001;MARSEILLE 1ER
550;2773;2;RUE;SAINT LAURENT;13002;MARSEILLE 2EME
551;2774;22;RUE;TOUSSAINT;13003;MARSEILLE 3EME
552;2775;40;RUE;SAINT ANDRE;13014;MARSEILLE 14EME
553;2776;22;RUE;DES HEROS;13001;MARSEILLE 1ER
554;2777;9002;RUE;RANQUE;13001;MARSEILLE 1ER
555;2778;26;BD;GOUZIAN;13003;MARSEILLE 3EME
556;2779;141;BD;FRANCOISE DUPARC;13004;MARSEILLE 4EME
557;2780;28;RUE;ST GABRIEL;13014;MARSEILLE 14EME
558;2781;23;RUE;GABRIEL AUDISIO;13014;MARSEILLE 14EME
559;2782;12;BD;CHARLES NEDELEC;13001;MARSEILLE 1ER
560;2783;2;RUE;PLUMIER;13002;MARSEILLE 2EME
561;2784;12;PL;STRASBOURG PAUL CERMOLACCE;13003;MARSEILLE 3EME
562;2785;9;AV;DE ST ANTOINE;13015;MARSEILLE 15EME
563;2786;39;CHE;DE GIBBES;13014;MARSEILLE 14EME
564;2787;19;IMP;DE ROUX;13004;MARSEILLE 4EME
565;2788;27;RUE;DU GENIE;13003;MARSEILLE 3EME
566;2789;72;RUE;CURIOL;13001;MARSEILLE 1ER
567;2790;3;QUAI;RIVE NEUVE;13001;MARSEILLE 1ER
568;2791;93;BD;LONGCHAMP;13001;MARSEILLE 1ER
569;2792;2;RUE;JEAN FRANCOIS LECA;13002;MARSEILLE 2EME
570;2793;5003;RES;MARITIME;13015;MARSEILLE 15EME
571;2794;9;RUE;BIR HAKEIM;13001;MARSEILLE 1ER
572;2795;5001;;LES ROSIERS;13014;MARSEILLE 14EME
573;2796;9;RUE;JEAN CRISTOFOL;13003;MARSEILLE 3EME
574;2797;41;RUE;D ISOARD;13001;MARSEILLE 1ER
575;2798;47;RUE;DE LA REPUBLIQUE;13002;MARSEILLE 2EME
576;2799;5;BD;VIALA;13015;MARSEILLE 15EME
577;2800;31;BD;PHILIPPON;13004;MARSEILLE 4EME
578;2801;16;RUE;BEAUMONT;13001;MARSEILLE 1ER
579;2802;39;BD;KRAEMER;13014;MARSEILLE 14EME
580;2803;34;BD;PARDIGON;13004;MARSEILLE 4EME
581;2804;21;RUE;ORAN;13004;MARSEILLE 4EME
582;2805;9;RUE;JEAN CRISTOFOL;13003;MARSEILLE 3EME
583;2806;19;AV;DES CHARTREUX;13004;MARSEILLE 4EME
584;2807;57;RUE;DU COQ;13001;MARSEILLE 1ER
585;2808;5001;CITE;BEAUSOLEIL B ROUX PR;13004;MARSEILLE 4EME
586;2809;79;BD;DE LA MEDITERRANEE;13015;MARSEILLE 15EME
587;2810;7;RUE;PUJOL;13004;MARSEILLE 4EME
588;2811;11;BD;SAKAKINI;13004;MARSEILLE 4EME
589;2812;257;BD;CHAVE;13004;MARSEILLE 4EME
590;2813;60;BD;JARDIN ZOOLOGIQUE;13004;MARSEILLE 4EME
591;2814;16;BD;PARDIGON;13004;MARSEILLE 4EME
592;2815;20;BD;JEAN BAPTISTE IVALDI;13004;MARSEILLE 4EME
593;2816;19;BD;DAUZAC;13004;MARSEILLE 4EME
594;2817;34;RUE;DU PETIT PUITS;13002;MARSEILLE 2EME
595;2818;28;RUE;ADOLPHE THIERS;13001;MARSEILLE 1ER
596;2819;51;RUE;DU PANIER;13002;MARSEILLE 2EME
597;2820;47;CR;DE FONTAINIEU;13014;MARSEILLE 14EME
598;2821;6;CHE;DE BIZET;13016;MARSEILLE 16EME
599;2822;37;AV;DU MERLAN;13014;MARSEILLE 14EME
600;2823;20;RUE;DE LA CATHEDRALE;13002;MARSEILLE 2EME
601;2824;7;RUE;RICARD;13003;MARSEILLE 3EME
602;2825;58;RUE;DE CRIMEE;13003;MARSEILLE 3EME
603;2826;22;VC;SQ  NATIONAL;13003;MARSEILLE 3EME
604;2827;5001;RUE;DE MISSIRI;13013;MARSEILLE 14EME
605;2828;6;RUE;BERNEX;13001;MARSEILLE 1ER
606;2829;5006;RES;VAL PINS;13015;MARSEILLE 15EME
607;2830;31;RUE;MONTOLIEU;13002;MARSEILLE 2EME
608;2831;5;RUE;DES RECOLETTES;13001;MARSEILLE 1ER
609;2832;22;BD;CAMILLE FLAMMARION;13001;MARSEILLE 1ER
610;2833;48;AV;DE ST LOUIS;13015;MARSEILLE 15EME
611;2834;48;RUE;PUVIS DE CHAVANNES;13002;MARSEILLE 2EME
612;2835;29;RUE;SAINTE SOPHIE;13004;MARSEILLE 4EME
613;2836;21;RUE;MIRES;13002;MARSEILLE 2EME
614;2837;103;BD;DE PARIS;13002;MARSEILLE 2EME
615;2838;1;BD;SAKAKINI;13004;MARSEILLE 4EME
616;2839;98;AV;ROGER SALENGRO;13003;MARSEILLE 3EME
617;2840;27;BD;PHILIPPON;13004;MARSEILLE 4EME
618;2841;5;AV;DU MERLAN;13014;MARSEILLE 14EME
619;2842;163;BD;BOISSON;13004;MARSEILLE 4EME
620;2843;25;BD;VELTEN;13004;MARSEILLE 4EME
621;2844;17;BD;FRAISSINET;13004;MARSEILLE 4EME
622;2845;13;RUE;FORTUNE JOURDAN;13003;MARSEILLE 3EME
623;2846;6;CHE;DE BIZET;13016;MARSEILLE 16EME
624;2847;5001;CITE;BEAUSOLEIL B ROUX PR;13004;MARSEILLE 4EME
625;2848;102;BD;DANIELLE CASANOVA;13014;MARSEILLE 14EME
626;2849;44;RUE;DES RECOLETTES;13001;MARSEILLE 1ER
627;2850;3;RUE;SENAC;13001;MARSEILLE 1ER
628;2851;8;BD;ROMIEU;13015;MARSEILLE 15EME
629;2852;69;RUE;JEAN DE BERNARDY;13001;MARSEILLE 1ER
630;2853;84;BD;DES DAMES;13002;MARSEILLE 2EME
631;2854;28;RUE;DE LA LOGE;13002;MARSEILLE 2EME
632;2855;25;BD;D ARRAS;13004;MARSEILLE 4EME
633;2856;39;BD;BOISSON;13004;MARSEILLE 4EME
634;2857;35;RUE;FAUCHIER;13002;MARSEILLE 2EME
635;2858;139;AV;CAMILLE PELLETAN;13003;MARSEILLE 3EME
636;2859;42;RUE;BOSCARY;13004;MARSEILLE 4EME
637;2860;11;TRA;N-D DU BON SECOURS;13003;MARSEILLE 3EME
638;2861;1;PL;AUX HUILES;13001;MARSEILLE 1ER
639;2862;4;RUE;CHARLES DE FOUCAULD;13004;MARSEILLE 4EME
640;2863;8;RUE;ALEXIS CARREL;13004;MARSEILLE 4EME
641;2864;21;RUE;LAUTARD;13003;MARSEILLE 3EME
642;2865;25;RUE;LOUIS MOURONVAL;13003;MARSEILLE 3EME
643;2866;3;PAS;TIMON DAVID;13001;MARSEILLE 1ER
644;2867;487;RUE;JEAN QUEILLAU;13014;MARSEILLE 14EME
645;2868;41;BD;HENRI MAULINI;13014;MARSEILLE 14EME
646;2869;40;RUE;MAZENOD;13002;MARSEILLE 2EME
647;2870;34;AV;HAITI;13004;MARSEILLE 4EME
648;2871;30;RUE;ELEMIR BOURGES;13004;MARSEILLE 4EME
649;2872;88;BD;BLANCARDE;13004;MARSEILLE 4EME
650;2873;34;RUE;SAINTE-FRANCOISE;13002;MARSEILLE 2EME
651;2874;16;RUE;CHATEAUREDON;13001;MARSEILLE 1ER
652;2875;36;RUE;BENEDIT;13004;MARSEILLE 4EME
653;2876;82;AV;MAL FOCH;13004;MARSEILLE 4EME
654;2877;24;BD;NATIONAL;13001;MARSEILLE 1ER
655;2878;73;RUE;CLOVIS HUGUES;13003;MARSEILLE 3EME
656;2879;24;AV;CLAUDE MONET;13014;MARSEILLE 14EME
657;2880;11;IMP;MARJOLAINE;13015;MARSEILLE 15EME
658;2881;12;RUE;FARJON;13001;MARSEILLE 1ER
659;2882;31;RUE;ESPERANDIEU;13001;MARSEILLE 1ER
660;2883;9;RUE;MONIER;13004;MARSEILLE 4EME
661;2884;56;BD;LECCIA;13003;MARSEILLE 3EME
662;2885;2;BD;LAMBERT;13004;MARSEILLE 4EME
663;2886;1;RUE;LINNE;13004;MARSEILLE 4EME
664;2887;62;RUE;ALBE;13004;MARSEILLE 4EME
665;2888;19;RUE;PLUMIER;13002;MARSEILLE 2EME
666;2889;52;BD;ALLEMAND;13003;MARSEILLE 3EME
667;2890;90;BD;DE ROUX;13004;MARSEILLE 4EME
668;2891;89;BD;LOUIS BOTINELLY;13004;MARSEILLE 4EME
669;2892;33;RUE;TROIS FRERES CARASSO;13004;MARSEILLE 4EME
670;2893;46;RUE;SAINTE BAUME;13010;MARSEILLE 10EME
671;2894;2;RUE;CAPITAINE DESSEMOND;13007;MARSEILLE 7EME
672;2895;68;BD;MIREILLE LAUZE;13010;MARSEILLE 10EME
673;2896;16;RUE;ROBERT;13007;MARSEILLE 7EME
674;2897;23;RUE;D ISLY;13005;MARSEILLE 5EME
675;2898;62;BD;BOMPARD;13007;MARSEILLE 7EME
676;2899;36;RUE;ANDRE AUDOLI;13010;MARSEILLE 10EME
677;2900;147;AV;DE LA TIMONE;13010;MARSEILLE 10EME
678;2901;132;RUE;ABBE DE L EPEE;13005;MARSEILLE 5EME
679;2902;25;BD;BONIFAY;13010;MARSEILLE 10EME
680;2903;2;RUE;FORT DU SANCTUAIRE;13006;MARSEILLE 6EME
681;2904;22;RUE;DOCTEUR ESCAT;13006;MARSEILLE 6EME
682;2905;9;RUE;CRUDERE;13006;MARSEILLE 6EME
683;2906;294;BD;CHAVE;13005;MARSEILLE 5EME
684;2907;2;RUE;DU LAVOIR;13007;MARSEILLE 7EME
685;2908;64;AV;DES ROCHES;13007;MARSEILLE 7EME
686;2909;93;BD;CHARLES LIVON;13007;MARSEILLE 7EME
687;2910;33;RUE;ALDEBERT;13006;MARSEILLE 6EME
688;2911;103;BD;DE SAINT LOUP;13010;MARSEILLE 10EME
689;2912;50;BD;JEANNE D ARC;13005;MARSEILLE 5EME
690;2913;188;AV;DE TOULON;13010;MARSEILLE 10EME
691;2914;71;BD;CHAVE;13005;MARSEILLE 5EME
692;2915;41;RUE;CHATEAUBRIAND;13007;MARSEILLE 7EME
693;2916;43;AV;DE LA TIMONE;13010;MARSEILLE 10EME
694;2917;46;RUE;HORACE BERTIN;13005;MARSEILLE 5EME
695;2918;7;TRA;TARGUIST;13007;MARSEILLE 7EME
696;2919;2;RUE;VITALIS;13005;MARSEILLE 5EME
697;2920;37;RUE;CAP GALINAT;13010;MARSEILLE 10EME
698;2921;39;RUE;CESAR ALEMAN;13007;MARSEILLE 7EME
699;2922;21;RUE;CHARLES CERRATO;13010;MARSEILLE 10EME
700;2923;59;RUE;ROGER BRUN;13005;MARSEILLE 5EME
701;2924;81;CRS;GOUFFE;13005;MARSEILLE 5EME
702;2925;120;BD;VAUBAN;13006;MARSEILLE 6EME
703;2926;19;RUE;DE FRIEDLAND;13006;MARSEILLE 6EME
704;2927;58;CRS;GOUFFE;13006;MARSEILLE 6EME
705;2928;9;RUE;PASCAL;13007;MARSEILLE 7EME
706;2929;28;RUE;DE SMYRNE;13005;MARSEILLE 5EME
707;2930;116;BD;MIREILLE LAUZE;13010;MARSEILLE 10EME
708;2931;21;AV;DAVID DELLEPIANE;13007;MARSEILLE 7EME
709;2932;59;AV;JULES CANTINI;13006;MARSEILLE 6EME
710;2933;116;BD;MIREILLE LAUZE;13010;MARSEILLE 10EME
711;2934;75;RUE;SAINT JACQUES;13006;MARSEILLE 6EME
712;2935;119;RUE;SAINT PIERRE;13005;MARSEILLE 5EME
713;2936;225;BD;PAUL CLAUDEL;13010;MARSEILLE 10EME
714;2937;77;RUE;SAINT SUFFREN;13006;MARSEILLE 6EME
715;2938;9;RUE;DE LA CROIX;13007;MARSEILLE 7EME
716;2939;5;RUE;PAUL CODACCIONI;13007;MARSEILLE 7EME
717;2940;9;RUE;GABRIEL MARIE;13010;MARSEILLE 10EME
718;2941;6;RUE;DES LICES;13007;MARSEILLE 7EME
719;2942;35;BD;SAINTE THERESE;13005;MARSEILLE 5EME
720;2943;16;RUE;GASTON BERGER;13010;MARSEILLE 10EME
721;2944;5;RUE;RAOUL PONCHON;13010;MARSEILLE 10EME
722;2945;6;RUE;SAINT PIERRE;13006;MARSEILLE 6EME
723;2946;3;RUE;SAINT ETIENNE;13005;MARSEILLE 5EME
724;2947;10;IMP;DE LA GAVELIERE;13007;MARSEILLE 7EME
725;2948;188;AV;DE TOULON;13010;MARSEILLE 10EME
726;2949;95;RUE;SAINT PIERRE;13005;MARSEILLE 5EME
727;2950;26;RUE;ALDEBERT;13006;MARSEILLE 6EME
728;2951;26;RUE;SAUVEUR TOBELEM;13007;MARSEILLE 7EME
729;2952;187;RUE;D ENDOUME;13007;MARSEILLE 7EME
730;2953;10;PL;PIERRE ROUX;13005;MARSEILLE 5EME
731;2954;188;RUE;BRETEUIL;13006;MARSEILLE 6EME
732;2955;315;RUE;SAINT PIERRE;13005;MARSEILLE 5EME
733;2956;9;RUE;PASCAL;13007;MARSEILLE 7EME
734;2957;288;RUE;D ENDOUME;13007;MARSEILLE 7EME
735;2958;29;IMP;DES FRENES;13010;MARSEILLE 10EME
736;2959;34;RUE;JEAN ROQUES;13006;MARSEILLE 6EME
737;2960;68;RUE;DE LA PAIX MARCEL PAUL;13006;MARSEILLE 6EME
738;2961;26;RUE;SAINT PIERRE;13006;MARSEILLE 6EME
739;2962;6;RUE;DURAND;13007;MARSEILLE 7EME
740;2963;31;RUE;D ORIENT;13010;MARSEILLE 10EME
741;2964;9;RUE;MARIUS THOUREY;13007;MARSEILLE 7EME
742;2965;1;RUE;CHARRAS;13007;MARSEILLE 7EME
743;2966;39;RUE;DOCT FREDERIC GRANIER;13007;MARSEILLE 7EME
744;2967;46;RUE;NAU;13006;MARSEILLE 6EME
745;2968;2;RUE;SAINT PIERRE;13006;MARSEILLE 6EME
746;2969;3;RUE;MONTEVIDEO;13006;MARSEILLE 6EME
747;2970;47;CHE;DE LA VALBARELLE ST MARCEL;13010;MARSEILLE 10EME
748;2971;12;RUE;DU CASTELLET;13007;MARSEILLE 7EME
749;2972;128;RUE;D AUBAGNE;13006;MARSEILLE 6EME
750;2973;5;RUE;VIRGILE MARRON;13005;MARSEILLE 5EME
751;2974;2;RUE;ANTOINE BLANC;13010;MARSEILLE 10EME
752;2975;1;PL;DU QUATRE SEPTEMBRE;13007;MARSEILLE 7EME
753;2976;32;RUE;ANDRE AUDOLI;13010;MARSEILLE 10EME
754;2977;4;RUE;D IENA;13006;MARSEILLE 6EME
755;2978;107;AV;DE LA CAPELETTE;13010;MARSEILLE 10EME
756;2979;26;RUE;BRANDIS;13005;MARSEILLE 5EME
757;2980;1;RUE;ESCOFFIER;13005;MARSEILLE 5EME
758;2981;23;RUE;VITALIS;13005;MARSEILLE 5EME
759;2982;113;TRA;CHEVALIER;13010;MARSEILLE 10EME
760;2983;60;RUE;NAU;13006;MARSEILLE 6EME
761;2984;49;RUE;DES BONS ENFANTS;13006;MARSEILLE 6EME
762;2985;45;AV;DE LA CORSE;13007;MARSEILLE 7EME
763;2986;80;BD;DE LA CORDERIE;13007;MARSEILLE 7EME
764;2987;5218;CHE;DE L ARGILE;13010;MARSEILLE 10EME
765;2988;57;BD;ANDRE AUNE;13006;MARSEILLE 6EME
766;2989;106;RUE;EDMOND ROSTAND;13006;MARSEILLE 6EME
767;2990;67;RUE;STE CECILE;13005;MARSEILLE 5EME
768;2991;50;RUE;SAUVEUR TOBELEM;13007;MARSEILLE 7EME
769;2992;4;RUE;PETIT CHANTIER;13007;MARSEILLE 7EME
770;2993;313;RUE;SAINT PIERRE;13005;MARSEILLE 5EME
771;2994;49;RUE;BRANDIS;13005;MARSEILLE 5EME
772;2995;5;;PLT DE MALMOUSQUE;13007;MARSEILLE 7EME
773;2996;141;AV;DE LA TIMONE;13010;MARSEILLE 10EME
774;2997;5;RUE;TURCON;13007;MARSEILLE 7EME
775;2998;42;CRS;GOUFFE;13006;MARSEILLE 6EME
776;2999;4;RUE;DE LA JEUNESSE;13005;MARSEILLE 5EME
777;3000;7;PL;JOSEPH ETIENNE;13007;MARSEILLE 7EME
778;3001;159;AV;DE LA CAPELETTE;13010;MARSEILLE 10EME
779;3002;49;RUE;D ENDOUME;13007;MARSEILLE 7EME
780;3003;6;PL;DE VENISE;13006;MARSEILLE 6EME
781;3004;58;AV;DE LA CORSE;13007;MARSEILLE 7EME
782;3005;19;RUE;PETIT CHANTIER;13007;MARSEILLE 7EME
783;3006;10;BD;ANDRE AUNE;13006;MARSEILLE 6EME
784;3007;154;RUE;DE ROME;13006;MARSEILLE 6EME
785;3008;29;BD;BAILLE;13006;MARSEILLE 6EME
786;3009;123;BD;ROMAIN ROLLAND;13010;MARSEILLE 10EME
787;3010;52;RUE;CHRISTOPHE COLOMB;13006;MARSEILLE 6EME
788;3011;95;RUE;SAINT-PIERRE;13005;MARSEILLE 5EME
789;3012;5;TRA;DE LA SERRE;13007;MARSEILLE 7EME
790;3013;38;RUE;DU BERCEAU;13005;MARSEILLE 5EME
791;3014;29;RUE;DES FRERES PECCHINI;13007;MARSEILLE 7EME
792;3015;7;PL;JOSEPH ETIENNE;13007;MARSEILLE 7EME
793;3016;13;BD;GUSTAVE GANAY;13009;MARSEILLE 9EME
794;3019;296;BD;ROMAIN ROLLAND;13009;MARSEILLE 9EME
795;3020;14;RUE;NEGRESKO;13008;MARSEILLE 8EME
796;3023;642;AV;DE MAZARGUES;13008;MARSEILLE 8EME
797;3024;40;BD;DE SAINTE MARGUERITE;13009;MARSEILLE 9EME
798;3025;14;RUE;NEGRESKO;13008;MARSEILLE 8EME
799;3028;27;RUE;ROCCA;13008;MARSEILLE 8EME
800;3029;9001;CITE;LE CORBUSIER;13008;MARSEILLE 8EME
801;3031;66;RUE;DU COMMANDANT ROLLAND;13008;MARSEILLE 8EME
802;3034;89;RUE;SAINT SEBASTIEN;13008;MARSEILLE 8EME
803;3035;83;BD;DU REDON;13009;MARSEILLE 9EME
804;3036;134;RUE;LIANDIER;13008;MARSEILLE 8EME
805;3037;23;BD;BAPTISTIN CAYOL;13008;MARSEILLE 8EME
806;3042;34;RUE;NICOLE ZEMMOUR;13009;MARSEILLE 9EME
807;3044;9001;;BEAUVALLON CENTRE;13009;MARSEILLE 9EME
808;3045;30;RUE;DES MOUSSES;13008;MARSEILLE 8EME
809;3048;30;RUE;DES MOUSSES;13008;MARSEILLE 8EME
810;3049;360;AV;DU PRADO;13008;MARSEILLE 8EME
811;3052;88;AV;DE MAZARGUES;13008;MARSEILLE 8EME
812;3054;65;BD;LEI ROURE;13009;MARSEILLE 9EME
813;3057;39;RUE;BORDE;13008;MARSEILLE 8EME
814;3060;73;RUE;DU ROUET;13008;MARSEILLE 8EME
815;3064;40;BD;EDOUARD HERRIOT;13008;MARSEILLE 8EME
816;3065;58;CHE;DU VAL DES BOIS;13009;MARSEILLE 9EME
817;3066;26;AV;BEAU PIN;13008;MARSEILLE 8EME
818;3067;327;AV;DU PRADO;13008;MARSEILLE 8EME
819;3068;83;BD;DU REDON;13009;MARSEILLE 9EME
820;3070;21;ALL;GOYA;13008;MARSEILLE 8EME
821;3071;9001;;BEAUVALLON PINEDE;13009;MARSEILLE 9EME
822;3073;244;AV;DU PRADO;13008;MARSEILLE 8EME
823;3074;314;AV;DU PRADO;13008;MARSEILLE 8EME
824;3076;23;BD;VELASQUEZ;13008;MARSEILLE 8EME
825;3078;430;AV;MAL J DE L DE TASSIGNY;13009;MARSEILLE 9EME
826;3079;1;RES;LE LANCIER;13009;MARSEILLE 9EME
827;3081;1;RUE;DE LORRAINE;13008;MARSEILLE 8EME
828;3082;88;AV;DE MAZARGUES;13008;MARSEILLE 8EME
829;3085;143;AV;DE HAMBOURG;13008;MARSEILLE 8EME
830;3086;24;BD;TROLLAT;13009;MARSEILLE 9EME
831;3088;9001;CITE;LE CORBUSIER;13008;MARSEILLE 8EME
832;3090;221;VC;ANCIEN CHEM DE CASSIS;13009;MARSEILLE 9EME
833;3091;20;RUE;DE LA MAGALONE;13009;MARSEILLE 9EME
834;3092;523;RUE;PARADIS;13008;MARSEILLE 8EME
835;3098;39;BD;EMILE SICARD;13008;MARSEILLE 8EME
836;3099;391;BD;ROMAIN ROLLAND;13009;MARSEILLE 9EME
837;3100;121;BD;PAUL CLAUDEL;13009;MARSEILLE 9EME
838;3101;20;BD;MIREILLE JOURDAN BARRY;13008;MARSEILLE 8EME
839;3102;3;AV;DE LA FARINIERE;13009;MARSEILLE 9EME
840;3103;83;BD;DU REDON;13009;MARSEILLE 9EME
841;3105;3;ALL;CERVANTES;13009;MARSEILLE 9EME
842;3109;16;SQ;MICHELET;13009;MARSEILLE 9EME
843;3110;20;RUE;DE LA MAGALONE;13009;MARSEILLE 9EME
844;3112;17;RUE;DE CLUNY;13008;MARSEILLE 8EME
845;3115;83;BD;DU REDON;13009;MARSEILLE 9EME
846;3122;168;RUE;DU ROUET;13008;MARSEILLE 8EME
847;3125;314;AV;DU PRADO;13008;MARSEILLE 8EME
848;3126;4;AV;VALMONT;13009;MARSEILLE 9EME
849;3130;75;BD;DU REDON;13009;MARSEILLE 9EME
850;3131;64;RUE;DU COMMANDANT ROLLAND;13008;MARSEILLE 8EME
851;3132;201;SQ;LA CRAVACHE;13009;MARSEILLE 9EME
852;3139;34;BD;GASTON CREMIEUX;13008;MARSEILLE 8EME
853;3146;22;SQ;MICHELET;13009;MARSEILLE 9EME
854;3150;216;AV;DU PRADO;13008;MARSEILLE 8EME
855;3151;2;BD;DES CEDRES;13009;MARSEILLE 9EME
856;3152;92;CHE;COLLINE ST JOSEPH;13009;MARSEILLE 9EME
857;3153;95;AV;DE LA MADRAGUE MONTREDON;13008;MARSEILLE 8EME
858;3154;5;RUE;BORDE;13008;MARSEILLE 8EME
859;3155;43;TRA;PARANGON;13008;MARSEILLE 8EME
860;3157;42;RUE;HENRI TOMASI;13009;MARSEILLE 9EME
861;3158;9;TRA;DE LA GOUFFONNE;13009;MARSEILLE 9EME
862;3159;20;RUE;DE LA MAGALONE;13009;MARSEILLE 9EME
863;3160;288;RUE;PARADIS;13008;MARSEILLE 8EME
864;3161;9001;CITE;LE CORBUSIER;13008;MARSEILLE 8EME
865;3162;1;ALL;MURILLO;13008;MARSEILLE 8EME
866;3163;20;CHE;DU ROI D ESPAGNE;13009;MARSEILLE 9EME
867;3164;83;BD;DU REDON;13009;MARSEILLE 9EME
868;3165;123;TRA;PARANGON;13008;MARSEILLE 8EME
869;3166;11;TRA;DE L OLYMPIQUE;13008;MARSEILLE 8EME
870;3168;131;AV;DU PRADO;13008;MARSEILLE 8EME
871;3171;62;AV;JULES CANTINI;13008;MARSEILLE 8EME
872;3173;83;BD;DU REDON;13009;MARSEILLE 9EME
873;3175;49;BD;DE MAILLANE;13008;MARSEILLE 8EME
874;3177;3;ALL;CERVANTES;13009;MARSEILLE 9EME
875;3178;217;AV;DE MAZARGUES;13008;MARSEILLE 8EME
876;3181;46;RUE;DES MOUSSES;13008;MARSEILLE 8EME
877;3182;145;BD;PERIER;13008;MARSEILLE 8EME
878;3183;41;AV;ANDRE ZENATTI;13008;MARSEILLE 8EME
879;3184;8;AV;GASCOGNE;13008;MARSEILLE 8EME
880;3185;523;RUE;PARADIS;13008;MARSEILLE 8EME
881;3189;199;AV;DU PRADO;13008;MARSEILLE 8EME
882;3190;83;BD;DU REDON;13009;MARSEILLE 9EME
883;3195;130;CHE;DE MORGIOU;13009;MARSEILLE 9EME
884;3199;391;BD;ROMAIN ROLLAND;13009;MARSEILLE 9EME
885;3200;130;CHE;DE MORGIOU;13009;MARSEILLE 9EME
886;3201;391;BD;ROMAIN ROLLAND;13009;MARSEILLE 9EME
887;3205;4;RUE;BLANCHE;13008;MARSEILLE 8EME
888;3209;367;AV;DU PRADO;13008;MARSEILLE 8EME
889;3210;314;AV;DU PRADO;13008;MARSEILLE 8EME
890;3211;9;SQ;JEAN BOUIN;13009;MARSEILLE 9EME
891;3216;122;RUE;DU COMMANDANT ROLLAND;13008;MARSEILLE 8EME
892;3219;41;AV;ANDRE ZENATTI;13008;MARSEILLE 8EME
893;3220;62;RUE;LIANDIER;13008;MARSEILLE 8EME
894;3221;16;TRA;DE POMEGUES;13008;MARSEILLE 8EME
895;3222;9001;;BEAUVALLON CENTRE;13009;MARSEILLE 9EME
896;3224;29;RUE;ROCCA;13008;MARSEILLE 8EME
897;3225;112;RUE;LIANDIER;13008;MARSEILLE 8EME
898;3228;11;PARC;JEAN MERMOZ;13008;MARSEILLE 8EME
899;3230;371;BD;ROMAIN ROLLAND;13009;MARSEILLE 9EME
900;3235;125;TRA;PARANGON;13008;MARSEILLE 8EME
901;3237;14;SQ;MICHELET;13009;MARSEILLE 9EME
902;3238;28;AV;DE LA CADENELLE;13008;MARSEILLE 8EME
903;3239;67;BD;DES NEIGES;13008;MARSEILLE 8EME
904;3240;44;RUE;FARINIERE;13009;MARSEILLE 9EME
905;3241;296;BD;ROMAIN ROLLAND;13009;MARSEILLE 9EME
906;3242;83;BD;DU REDON;13009;MARSEILLE 9EME
907;3247;34;BD;LUCIEN BAGNASCO;13008;MARSEILLE 8EME
908;3248;12;SQ;JEAN BOUIN;13009;MARSEILLE 9EME
909;3249;168;CHE;DE MORGIOU;13009;MARSEILLE 9EME
910;3250;2;RUE;MARIUS JAUFFRET;13008;MARSEILLE 8EME
911;3252;83;BD;DU REDON;13009;MARSEILLE 9EME
912;3255;121;BD;PAUL CLAUDEL;13009;MARSEILLE 9EME
913;3257;9;BD;LORD DUVEEN;13008;MARSEILLE 8EME
914;3258;70;CHE;JOSEPH AIGUIER;13009;MARSEILLE 9EME
915;3265;122;RUE;LIANDIER;13008;MARSEILLE 8EME
916;3266;331;AV;DU PRADO;13008;MARSEILLE 8EME
917;3268;105;BD;DU CABOT;13009;MARSEILLE 9EME
918;3271;88;AV;DE MAZARGUES;13008;MARSEILLE 8EME
919;3275;13;ALL;ALBENIZ;13008;MARSEILLE 8EME
920;3280;31;ALL;ALBENIZ;13008;MARSEILLE 8EME
921;3283;4;RUE;DE LA CALANQUE;13008;MARSEILLE 8EME
922;3284;5168;;RES LES JARDINS D'EDEN;13009;MARSEILLE 9EME
923;3285;395;RUE;PARADIS;13008;MARSEILLE 8EME
924;3286;22;TRA;PUPAT;13008;MARSEILLE 8EME
925;3288;62;CHE;DU LANCIER;13008;MARSEILLE 8EME
926;3289;83;BD;DU REDON;13009;MARSEILLE 9EME
927;3290;21;RUE;JEAN MERMOZ;13008;MARSEILLE 8EME
928;3295;47;RUE;LIANDIER;13008;MARSEILLE 8EME
929;3297;9046;CHE;DU VAL DES BOIS;13009;MARSEILLE 9EME
930;3301;39;BD;DE MOSTAGANEM PROLONGE;13009;MARSEILLE 9EME
931;3302;1;ALL;GOYA;13008;MARSEILLE 8EME
932;3307;20;PARC;DROMEL;13009;MARSEILLE 9EME
933;3308;9001;;BEAUVALLON LES CEDRES;13009;MARSEILLE 9EME
934;3310;296;BD;ROMAIN ROLLAND;13009;MARSEILLE 9EME
935;3311;21;AV;MIREILLE;13009;MARSEILLE 9EME
936;3312;83;BD;DU REDON;13009;MARSEILLE 9EME
937;3315;73;RUE;DU ROUET;13008;MARSEILLE 8EME
938;3316;40;BD;DE SAINTE MARGUERITE;13009;MARSEILLE 9EME
939;3318;126;RUE;AUGUSTIN AUBERT;13009;MARSEILLE 9EME
940;3320;107;BD;DU CABOT;13009;MARSEILLE 9EME
941;3321;121;BD;PAUL CLAUDEL;13009;MARSEILLE 9EME
942;3322;49;TSSE;DES BONNETS;13013;MARSEILLE 13EME
943;3323;36;AV;DE SAINT BARNABE;13012;MARSEILLE 12EME
944;3324;27;TSSE;DE LA MALVINA;13012;MARSEILLE 12EME
945;3325;29;PARC;DES VIEUX CYPRES;13013;MARSEILLE 13EME
946;3326;5076;PARC;DESSUARD;13012;MARSEILLE 12EME
947;3328;10;BD;LIONEL TERRAY;13013;MARSEILLE 13EME
948;3329;31;RUE;EMILE CAILLOL;13012;MARSEILLE 12EME
949;3330;153;CHE;DE CHATEAU GOMBERT;13013;MARSEILLE 13EME
950;3331;5001;RES;FONDACLE;13013;MARSEILLE 13EME
951;3332;27;TSSE;DE LA MALVINA;13012;MARSEILLE 12EME
952;3333;24;AV;COROT;13013;MARSEILLE 13EME
953;3335;151;RUE;DU DOCTEUR CAUVIN;13012;MARSEILLE 12EME
954;3336;164;BD;DE LA MILLIERE;13011;MARSEILLE 11EME
955;3337;139;AV;DES OLIVES;13013;MARSEILLE 13EME
956;3338;59;RUE;BEAU;13004;MARSEILLE 12EME
957;3341;24;AV;COROT;13013;MARSEILLE 13EME
958;3342;61;AV;DE LA FOURRAGERE;13012;MARSEILLE 12EME
959;3343;5001;RES;FONDACLE;13013;MARSEILLE 13EME
960;3344;5056;TRA;DES FAIENCIERS;13011;MARSEILLE 11EME
961;3345;1;AV;DE VALDONNE;13013;MARSEILLE 13EME
962;3346;40;TSSE;MONTCAULT;13013;MARSEILLE 13EME
963;3347;26;AV;COROT;13013;MARSEILLE 13EME
964;3348;80;BD;BARRY;13013;MARSEILLE 13EME
965;3349;64;BD;TRISTAN CORBIERE;13012;MARSEILLE 12EME
966;3350;19;TSSE;LAZARE BARIELLE;13013;MARSEILLE 13EME
967;3352;282;AV;DE MONTOLIVET;13012;MARSEILLE 12EME
968;3353;40;AV;ESCAD NORMANDIE NIEMEN;13013;MARSEILLE 13EME
969;3354;89;CHE;DES JONQUILLES;13013;MARSEILLE 13EME
970;3355;16;PL;DES HEROS;13013;MARSEILLE 13EME
971;3356;84;AV;SAINT JEROME;13013;MARSEILLE 13EME
972;3357;134;TRA;DE LA PENNE;13011;MARSEILLE 11EME
973;3358;8;BD;DEBORD;13012;MARSEILLE 12EME
974;3359;12;PARC;DES CHUTES LAVIE;13013;MARSEILLE 13EME
975;3360;180;TRA;DE LA PENNE;13011;MARSEILLE 11EME
976;3361;61;RUE;DE L AUDIENCE;13011;MARSEILLE 11EME
977;3362;109;BD;DE LA COMTESSE;13012;MARSEILLE 12EME
978;3364;20;AV;DU BOUSQUETIER;13012;MARSEILLE 12EME
979;3365;20;BD;VALETTE;13013;MARSEILLE 13EME
980;3367;92;RUE;ALPHONSE DAUDET;13013;MARSEILLE 13EME
981;3368;10;RUE;FRANCOIS CANAC;13013;MARSEILLE 13EME
982;3369;2;BD;ISABELLE;13013;MARSEILLE 13EME
983;3370;6;RUE;SAINT GEORGES;13013;MARSEILLE 13EME
984;3371;300;CHE;DE ST JEAN DU DESERT;13012;MARSEILLE 12EME
985;3372;546;BD;MIREILLE LAUZE;13011;MARSEILLE 11EME
986;3373;5100;IMP;DU GAROU;13013;MARSEILLE 13EME
987;3374;26;AV;COROT;13013;MARSEILLE 13EME
988;3375;46;BD;DE LA MILLIERE;13011;MARSEILLE 11EME
989;3376;56;BD;DE LA VALBARELLE;13011;MARSEILLE 11EME
990;3378;10;RUE;MONTAIGNE;13012;MARSEILLE 12EME
991;3379;10;AV;RAOUL FOLLEREAU;13011;MARSEILLE 11EME
992;3380;29;RUE;DU TROUBADOUR;13013;MARSEILLE 13EME
993;3382;54;AV;COROT;13013;MARSEILLE 13EME
994;3383;9128;BD;BARA;13013;MARSEILLE 13EME
995;3385;31;PARC;DES VIEUX CYPRES;13013;MARSEILLE 13EME
996;3386;101;RUE;ALPHONSE DAUDET;13013;MARSEILLE 13EME
997;3387;5063;BD;BOUGE   QRT MALPASSE;13013;MARSEILLE 13EME
998;3388;12;RUE;DE L ESCALET;13013;MARSEILLE 13EME
999;3389;40;BD;BOUYALA D ARNAUD;13012;MARSEILLE 12EME
1000;3392;14;RUE;ROBERT DE ROUX;13013;MARSEILLE 13EME
1001;3393;2;RUE;FONTAINIEU;13012;MARSEILLE 12EME
1002;3394;20;BD;BARA;13013;MARSEILLE 13EME
1003;3395;10;AV;RAOUL FOLLEREAU;13011;MARSEILLE 11EME
1004;3396;40;AV;ESCAD NORMANDIE NIEMEN;13013;MARSEILLE 13EME
1005;3397;16;TRA;DES 4 CHE MONTOLIVET;13012;MARSEILLE 12EME
1006;3398;24;BD;DES ALPES;13012;MARSEILLE 12EME
1007;3399;195;AV;DES OLIVES;13013;MARSEILLE 13EME
1008;3400;6;BD;FERDINAND NEGRO;13012;MARSEILLE 12EME
1009;3402;165;RTE;DES CAMOINS;13011;MARSEILLE 11EME
1010;3403;36;AV;DE SAINT BARNABE;13012;MARSEILLE 12EME
1011;3404;164;BD;DE LA MILLIERE;13011;MARSEILLE 11EME
1012;3405;112;AV;DES CAILLOLS;13012;MARSEILLE 12EME
1013;3407;16;TRA;DE LA DOMINIQUE;13011;MARSEILLE 11EME
1014;3408;52;BD;DE LA POMME;13011;MARSEILLE 11EME
1015;3409;1;BD;BONNIOT;13012;MARSEILLE 12EME
1016;3410;5069;BD;BEZOMBES;13011;MARSEILLE 11EME
1017;3411;93;TSSE;CHARLES SUSINI;13013;MARSEILLE 13EME
1018;3412;1;RUE;ANDRE ISAIA;13013;MARSEILLE 13EME
1019;3413;287;RTE;DES 3 LUCS;13011;MARSEILLE 11EME
1020;3415;20;CHE;DE LA RIBASSIERE;13013;MARSEILLE 13EME
1021;3416;112;RUE;ALPHONSE DAUDET;13013;MARSEILLE 13EME
1022;3417;20;BD;DES ROSSIGNOLS;13012;MARSEILLE 12EME
1023;3418;51;BD;BOUYALA D ARNAUD;13012;MARSEILLE 12EME
1024;3422;79;BD;DE LA POMME;13011;MARSEILLE 11EME
1025;3424;29;RUE;LEON MEISSEREL;13012;MARSEILLE 12EME
1026;3425;25;TSSE;DE LA CLAIRE VOIE;13012;MARSEILLE 12EME
1027;3426;51;BD;BOUYALA D ARNAUD;13012;MARSEILLE 12EME
1028;3427;47;AV;DES TROIS LUCS;13012;MARSEILLE 12EME
1029;3428;359;BD;MIREILLE LAUZE;13011;MARSEILLE 11EME
1030;3429;5050;RES;LA BATARELLE;13013;MARSEILLE 13EME
1031;3430;47;AV;DES TROIS LUCS;13012;MARSEILLE 12EME
1032;3431;56;BD;DE LA VALBARELLE;13011;MARSEILLE 11EME
1033;3432;266;AV;DES POILUS;13012;MARSEILLE 12EME
1034;3433;56;BD;DE LA VALBARELLE;13011;MARSEILLE 11EME
1035;3434;141;AV;DE SAINT MENET;13011;MARSEILLE 11EME
1036;3435;89;RUE;ST JEAN DU DESERT;13012;MARSEILLE 12EME
1037;3436;35;BD;HUGUES;13012;MARSEILLE 12EME
1038;3437;17;RUE;ST JEAN DU DESERT;13012;MARSEILLE 12EME
1039;3438;12;AV;DES NARCISSES;13013;MARSEILLE 13EME
1040;3439;11;AV;DU BOUSQUETIER;13012;MARSEILLE 12EME
1041;3440;170;TRA;DE LA PENNE;13011;MARSEILLE 11EME
1042;3441;58;RUE;DE LA MAURELLE;13013;MARSEILLE 13EME
1043;3442;17;BD;HAGUENEAU;13012;MARSEILLE 12EME
1044;3443;89;AV;DES BUTRIS;13012;MARSEILLE 12EME
1045;3444;30;AV;RAOUL FOLLEREAU;13011;MARSEILLE 11EME
1046;3445;67;AV;DE LA ROSE;13013;MARSEILLE 13EME
1047;3447;32;BD;GAROUTTE;13012;MARSEILLE 12EME
1048;3448;8;BD;LIONEL TERRAY;13013;MARSEILLE 13EME
1049;3449;31;TSSE;DE LA TREVARESSE;13012;MARSEILLE 12EME
1050;3450;359;BD;MIREILLE LAUZE;13011;MARSEILLE 11EME
1051;3452;57;PARC;DES VIEUX CYPRES;13013;MARSEILLE 13EME
1052;3453;38;TRA;TRIVIER;13012;MARSEILLE 12EME
1053;3454;116;AV;DES POILUS;13013;MARSEILLE 13EME
1054;3455;3;BD;BEAUSEJOUR;13011;MARSEILLE 11EME
1055;3456;5288;RES;LES BOUGAINVILLEES;13012;MARSEILLE 12EME
1056;3457;24;PARC;DES VIEUX CYPRES;13013;MARSEILLE 13EME
1057;3458;64;BD;DE LA VALBARELLE;13011;MARSEILLE 11EME
1058;3459;47;AV;DES TROIS LUCS;13012;MARSEILLE 12EME
1059;3460;51;CHE;DES AMARYLLIS;13012;MARSEILLE 12EME
1060;3463;148;;LE MONT RIANT;13013;MARSEILLE 13EME
1061;3464;197;AV;DES OLIVES;13013;MARSEILLE 13EME
1062;3465;5073;AV;DES CIGALONS;13012;MARSEILLE 12EME
1063;3466;5;ALL;CACHEMYRA;13012;MARSEILLE 12EME
1064;3467;116;RUE;GASTON DE FLOTTE;13012;MARSEILLE 12EME
1065;3468;257;AV;DE MONTOLIVET;13012;MARSEILLE 12EME
1066;3469;5;AV;RAMPAL;13012;MARSEILLE 12EME
1067;3470;67;TSSE;DES PLATRIERES;13013;MARSEILLE 13EME
1068;3471;14;RUE;ANGELE;13011;MARSEILLE 11EME
1069;3472;26;AV;RAMPAL;13012;MARSEILLE 12EME
1070;3473;12;AV;DU DOCTEUR HECKEL;13011;MARSEILLE 11EME
1071;3474;20;AV;DESIRE BIANCO;13011;MARSEILLE 11EME
1072;3475;1;RTE;DES CAMOINS;13011;MARSEILLE 11EME
1073;3476;18;BD;VERD;13013;MARSEILLE 13EME
1074;3477;1;BD;ELYSEE PETIT;13013;MARSEILLE 13EME
1075;3479;22;BD;DE LA COMTESSE;13012;MARSEILLE 12EME
1076;3480;;RES;LES CHARMILLES;13011;MARSEILLE 11EME
1077;3481;75;TSSE;SAINT-PONS;13012;MARSEILLE 12EME
1078;3482;6;BD;LIONEL TERRAY;13013;MARSEILLE 13EME
1079;3483;36;BD;MARIUS RICHARD;13012;MARSEILLE 12EME
1080;3484;5;IMP;CHANTOISEL;13013;MARSEILLE 13EME
1081;3485;7;ALL;DE DIJON;13012;MARSEILLE 12EME
1082;3486;49;TSSE;DES BONNETS;13013;MARSEILLE 13EME
1083;3487;60;RUE;CHALUSSET;13013;MARSEILLE 13EME
1084;3488;59;RUE;NIELS BOHR;13013;MARSEILLE 13EME
1085;3489;22;TSSE;DE LA LISE;13012;MARSEILLE 12EME
1086;3490;134;BD;DES LIBERATEURS;13012;MARSEILLE 12EME
1087;3491;546;BD;MIREILLE LAUZE;13011;MARSEILLE 11EME
1088;3492;8;BD;LIONEL TERRAY;13013;MARSEILLE 13EME
1089;3493;16;TRA;DES 4 CHE MONTOLIVET;13012;MARSEILLE 12EME
1090;3494;19;AV;DE GARLABAN;13012;MARSEILLE 12EME
1091;3496;30;TSSE;CAVAILLON;13011;MARSEILLE 11EME
1092;3497;36;AV;DE SAINT BARNABE;13012;MARSEILLE 12EME
1093;3498;11;GR;GRAND RUE LOUIS FABRY;13013;MARSEILLE 13EME
1094;3499;58;AV;COROT;13013;MARSEILLE 13EME
1095;3500;136;CHE;LA VALBARELLE ST MARCEL;13011;MARSEILLE 11EME
1096;3501;44;AV;VINCENT VAN GOGH;13012;MARSEILLE 12EME
1097;3502;22;RUE;AUGUSTIN FRESNEL;13013;MARSEILLE 13EME
1098;3503;5076;PARC;DESSUARD;13012;MARSEILLE 12EME
1099;3504;1;GR;GRAND RUE LOUIS FABRY;13013;MARSEILLE 13EME
1100;3505;23;CHE;DU CAVAOU;13013;MARSEILLE 13EME
1101;3506;5288;RES;LES BOUGAINVILLEES;13012;MARSEILLE 12EME
1102;3507;50;BD;NOTRE DAME;13011;MARSEILLE 11EME
1103;3508;153;CHE;DE CHATEAU GOMBERT;13013;MARSEILLE 13EME
1104;3509;79;BD;DE LA POMME;13011;MARSEILLE 11EME
1105;3510;58;AV;COROT;13013;MARSEILLE 13EME
